{
    "Colors": {
        "Accent": {
            "W": 1.0,
            "X": 0.14900000393390656,
            "Y": 0.14900000393390656,
            "Z": 0.14900000393390656
        },
        "AccentDark0": {
            "W": 1.0,
            "X": 0.10199999809265137,
            "Y": 0.10199999809265137,
            "Z": 0.10199999809265137
        },
        "AccentDark1": {
            "W": 1.0,
            "X": 0.06300000101327896,
            "Y": 0.06300000101327896,
            "Z": 0.06300000101327896
        },
        "Button": {
            "W": 1.0,
            "X": 0.8820000290870667,
            "Y": 0.8820000290870667,
            "Z": 0.8820000290870667
        },
        "ButtonHovered": {
            "W": 1.0,
            "X": 0.7820000052452087,
            "Y": 0.7820000052452087,
            "Z": 0.7820000052452087
        },
        "Font": {
            "W": 1.0,
            "X": 0.9020000100135803,
            "Y": 0.9020000100135803,
            "Z": 0.9020000100135803
        },
        "FontDisabled": {
            "W": 1.0,
            "X": 0.5448275804519653,
            "Y": 0.5235354900360107,
            "Z": 0.5235354900360107
        },
        "Highlight": {
            "W": 1.0,
            "X": 0.12941177189350128,
            "Y": 0.14509804546833038,
            "Z": 0.16078431904315948
        },
        "MainBg": {
            "W": 1.0,
            "X": 0.20392157137393951,
            "Y": 0.22745098173618317,
            "Z": 0.250980406999588
        },
        "MainBgDark0": {
            "W": 1.0,
            "X": 0.12941177189350128,
            "Y": 0.14509804546833038,
            "Z": 0.16078431904315948
        },
        "MainBgDark1": {
            "W": 1.0,
            "X": 0.2862745225429535,
            "Y": 0.3137255012989044,
            "Z": 0.34117648005485535
        },
        "MainBgDark2": {
            "W": 1.0,
            "X": 0.42352941632270813,
            "Y": 0.4588235318660736,
            "Z": 0.4901960790157318
        },
        "MainBgLight0": {
            "W": 1.0,
            "X": 0.40400001406669617,
            "Y": 0.40400001406669617,
            "Z": 0.40400001406669617
        }
    },
    "Sizing": {
        "FramePadding": {
            "X": 20.0,
            "Y": 8.0
        },
        "FrameRounding": 8.0,
        "GrabRounding": 8.0,
        "ItemSpacing": {
            "X": 20.0,
            "Y": 8.0
        },
        "ScrollbarRounding": 12.0,
        "ScrollbarSize": 17.0,
        "TabRounding": 8.0,
        "WindowPadding": {
            "X": 10.0,
            "Y": 10.0
        }
    }
}