{
  "Colors": {
    "Accent": {
      "W": 1.0,
      "X": 0.14900000393390656,
      "Y": 0.14900000393390656,
      "Z": 0.14900000393390656
    },
    "AccentDark0": {
      "W": 1.0,
      "X": 0.10199999809265137,
      "Y": 0.10199999809265137,
      "Z": 0.10199999809265137
    },
    "AccentDark1": {
      "W": 1.0,
      "X": 0.06300000101327896,
      "Y": 0.06300000101327896,
      "Z": 0.06300000101327896
    },
    "Button": {
      "W": 1.0,
      "X": 0.8820000290870667,
      "Y": 0.8820000290870667,
      "Z": 0.8820000290870667
    },
    "ButtonHovered": {
      "W": 1.0,
      "X": 0.7820000052452087,
      "Y": 0.7820000052452087,
      "Z": 0.7820000052452087
    },
    "Font": {
      "W": 1.0,
      "X": 0.9020000100135803,
      "Y": 0.9020000100135803,
      "Z": 0.9020000100135803
    },
    "FontDisabled": {
      "W": 1.0,
      "X": 0.8389999866485596,
      "Y": 0.8389999866485596,
      "Z": 0.8389999866485596
    },
    "Highlight": {
      "W": 1.0,
      "X": 0.14499999582767487,
      "Y": 0.5529999732971191,
      "Z": 0.3840000033378601
    },
    "MainBg": {
      "W": 1.0,
      "X": 0.21199999749660492,
      "Y": 0.21199999749660492,
      "Z": 0.21199999749660492
    },
    "MainBgDark0": {
      "W": 1.0,
      "X": 0.1899999976158142,
      "Y": 0.1899999976158142,
      "Z": 0.1899999976158142
    },
    "MainBgDark1": {
      "W": 1.0,
      "X": 0.14499999582767487,
      "Y": 0.14499999582767487,
      "Z": 0.14499999582767487
    },
    "MainBgDark2": {
      "W": 1.0,
      "X": 0.09799999743700027,
      "Y": 0.09799999743700027,
      "Z": 0.09799999743700027
    },
    "MainBgLight0": {
      "W": 1.0,
      "X": 0.40400001406669617,
      "Y": 0.40400001406669617,
      "Z": 0.40400001406669617
    }
  },
  "Sizing": {
    "FramePadding": {
      "X": 20.0,
      "Y": 8.0
    },
    "FrameRounding": 8.0,
    "GrabRounding": 8.0,
    "ItemSpacing": {
      "X": 20.0,
      "Y": 8.0
    },
    "ScrollbarRounding": 12.0,
    "ScrollbarSize": 17.0,
    "TabRounding": 8.0,
    "WindowPadding": {
      "X": 10.0,
      "Y": 10.0
    }
  }
}
