{
  "Colors": {
    "Accent": {
      "W": 1.0,
      "X": 0.34900000393390656,
      "Y": 0.64900000393390656,
      "Z": 0.39990000393390656
    },
    "AccentDark0": {
      "W": 1.0,
      "X": 0.24900000393390656,
      "Y": 0.44900000393390656,
      "Z": 0.29990000393390656
    },
    "AccentDark1": {
      "W": 1.0,
      "X": 0.14900000393390656,
      "Y": 0.34900000393390656,
      "Z": 0.19990000393390656
    },
    "Button": {
      "W": 1.0,
      "X": 0.3820000290870667,
      "Y": 0.7820000290870667,
      "Z": 0.5820000290870667
    },
    "ButtonHovered": {
      "W": 1.0,
      "X": 0.2820000290870667,
      "Y": 0.6820000290870667,
      "Z": 0.4820000290870667
    },
    "Font": {
      "W": 1.0,
      "X": 1.0,
      "Y": 1.0,
      "Z": 1.0
    },
    "FontDisabled": {
      "W": 1.0,
      "X": 0.8389999866485596,
      "Y": 0.8389999866485596,
      "Z": 0.8389999866485596
    },
    "Highlight": {
      "W": 1.0,
      "X": 0.44499999582767487,
      "Y": 0.8529999732971191,
      "Z": 0.3840000033378601
    },
    "MainBg": {
      "W": 0.6,
      "X": 0.21199999749660492,
      "Y": 0.66199999749660492,
      "Z": 0.41199999749660492
    },
    "MainBgDark0": {
      "W": 0.6,
      "X": 0.1899999976158142,
      "Y": 0.5199999976158142,
      "Z": 0.3199999976158142
    },
    "MainBgDark1": {
      "W": 0.6,
      "X": 0.1899999976158142,
      "Y": 0.4199999976158142,
      "Z": 0.2199999976158142
    },
    "MainBgDark2": {
      "W": 0.6,
      "X": 0.0899999976158142,
      "Y": 0.3199999976158142,
      "Z": 0.1199999976158142
    },
    "MainBgLight0": {
      "W": 0.6,
      "X": 0.1899999976158142,
      "Y": 0.4199999976158142,
      "Z": 0.2199999976158142
    }
  },
  "Sizing": {
    "FramePadding": {
      "X": 20.0,
      "Y": 8.0
    },
    "FrameRounding": 8.0,
    "GrabRounding": 8.0,
    "ItemSpacing": {
      "X": 20.0,
      "Y": 8.0
    },
    "ScrollbarRounding": 12.0,
    "ScrollbarSize": 17.0,
    "TabRounding": 8.0,
    "WindowPadding": {
      "X": 10.0,
      "Y": 10.0
    }
  }
}