{
  "Colors": {
    "Accent": {
      "W": 1.0,
      "X": 0.0,
      "Y": 0.3049019607843137,
      "Z": 0.3088235294117647
    },
    "AccentDark0": {
      "W": 1.0,
      "X": 0.1333333333333333,
      "Y": 0.5764705882352941,
      "Z": 0.5372549019607843
    },
    "AccentDark1": {
      "W": 1.0,
      "X": 0.1333333333333333,
      "Y": 0.5764705882352941,
      "Z": 0.5372549019607843
    },
    "Button": {
      "W": 1.0,
      "X": 0.203921568627451,
      "Y": 0.654901960784313,
      "Z": 0.596078431372549
    },
    "ButtonHovered": {
      "W": 1.0,
      "X": 0.203921568627451,
      "Y": 0.754901960784313,
      "Z": 0.696078431372549
    },
    "Font": {
      "W": 1.0,
      "X": 0.9020000100135803,
      "Y": 0.9020000100135803,
      "Z": 0.9020000100135803
    },
    "FontDisabled": {
      "W": 1.0,
      "X": 0.7389999866485596,
      "Y": 0.7389999866485596,
      "Z": 0.7389999866485596
    },
    "Highlight": {
      "W": 1.0,
      "X": 0.14499999582767487,
      "Y": 0.5529999732971191,
      "Z": 0.3840000033378601
    },
    "MainBg": {
      "W": 0.6,
      "X": 0.1411764705882353,
      "Y": 0.4117647058823529,
      "Z": 0.4
    },
    "MainBgDark0": {
      "W": 0.6,
      "X": 0.1411764705882353,
      "Y": 0.3117647058823529,
      "Z": 0.3117647058823529
    },
    "MainBgDark1": {
      "W": 0.9,
      "X": 0.1411764705882353,
      "Y": 0.2117647058823529,
      "Z": 0.2117647058823529
    },
    "MainBgDark2": {
      "W": 0.9,
      "X": 0.1411764705882353,
      "Y": 0.2117647058823529,
      "Z": 0.2117647058823529
    },
    "MainBgLight0": {
      "W": 0.9,
      "X": 0.1411764705882353,
      "Y": 0.2117647058823529,
      "Z": 0.2117647058823529
    }
  },
  "Sizing": {
    "FramePadding": {
      "X": 20.0,
      "Y": 8.0
    },
    "FrameRounding": 8.0,
    "GrabRounding": 8.0,
    "ItemSpacing": {
      "X": 20.0,
      "Y": 8.0
    },
    "ScrollbarRounding": 12.0,
    "ScrollbarSize": 17.0,
    "TabRounding": 8.0,
    "WindowPadding": {
      "X": 10.0,
      "Y": 10.0
    }
  }
}

